Episode,Reward_MA,Loss_MA,Q_Value_MA,Epsilon
1,nan,nan,nan,1.0
2,nan,nan,nan,0.995
3,nan,nan,nan,0.990025
4,nan,nan,nan,0.985074875
5,nan,nan,nan,0.9801495006250001
6,nan,nan,nan,0.9752487531218751
7,nan,nan,nan,0.9703725093562657
8,nan,nan,nan,0.9655206468094844
9,nan,nan,nan,0.960693043575437
10,nan,nan,nan,0.9558895783575597
11,nan,nan,nan,0.9511101304657719
12,nan,nan,nan,0.946354579813443
13,nan,nan,nan,0.9416228069143757
14,nan,nan,nan,0.9369146928798039
15,nan,nan,nan,0.9322301194154049
16,nan,nan,nan,0.9275689688183278
17,nan,nan,nan,0.9229311239742362
18,nan,nan,nan,0.918316468354365
19,nan,nan,nan,0.9137248860125932
20,-155.7980183221736,1.858703732553977,0.3903427280436175,0.9091562615825302
21,-153.36522998182298,1.8916672285727358,0.38351708625022635,0.9046104802746175
22,-151.8276253049881,1.8858621050853779,0.4948195533392703,0.9000874278732445
23,-156.5616844304869,1.8627495775221894,0.40856951238076306,0.8955869907338783
24,-149.7194989660402,1.824600603576803,0.47603377871365166,0.8911090557802088
25,-138.7573850116588,1.801455523932939,0.5511792709464596,0.8866535105013078
26,-134.86619218689674,1.79282736360938,0.758031816127997,0.8822202429488013
27,-132.3084440536154,1.7835362171619846,0.9882371515936292,0.8778091417340573
28,-135.70421027649428,1.7647503140915342,0.9740575035283427,0.8734200960253871
29,-140.0371388951951,1.7499888651827407,1.0046466179164135,0.8690529955452602
30,-140.52181231298852,1.7369281491531459,1.2363955987400337,0.8647077305675338
31,-126.93376942848637,1.7331950040308146,1.2630120844159343,0.8603841919146962
32,-117.88458076589232,1.733104374666495,1.3443687651706802,0.8560822709551227
33,-116.91887341267645,1.7287733066478936,1.3891360795227148,0.851801859600347
34,-109.51454597790266,1.7264624731085727,1.5318030518495473,0.8475428503023453
35,-115.44508891957614,1.7302889868521012,1.5251277312928195,0.8433051360508336
36,-115.37392714695234,1.7271365009058057,1.6533364637833716,0.8390886103705794
37,-107.83564461776379,1.7252847045220656,1.961993583548033,0.8348931673187264
38,-107.23457617017488,1.7195235808672016,2.0180778882936847,0.8307187014821328
39,-110.21250992210085,1.7170099623451325,1.9897723528194513,0.8265651079747222
40,-122.34273643866725,1.7240986977188233,1.9844679521801143,0.8224322824348486
41,-127.33312360110517,1.712341108905412,1.9460450026451572,0.8183201210226743
42,-134.75551674153664,1.7323956471283855,2.086243418736624,0.8142285204175609
43,-132.36103265977766,1.7227221269026218,2.244099283014823,0.810157377815473
44,-143.39585260692107,1.7257881051960244,2.329247721471456,0.8061065909263957
45,-142.55366618963248,1.7319877664093082,2.3928097175501954,0.8020760579717637
46,-144.690304767101,1.7241976955580411,2.276850081213904,0.798065677681905
47,-148.62256600158503,1.717233553993141,2.2242229399955384,0.7940753492934954
48,-150.57153432940027,1.7174730275324586,2.335420056201386,0.7901049725470279
49,-145.27715733517445,1.711135508957121,2.433268833520216,0.7861544476842928
50,-149.70819288089794,1.7160762055362813,2.259724696540574,0.7822236754458713
51,-155.17896460467438,1.7069086809426481,2.280649493213586,0.778312557068642
52,-158.12842782774382,1.7006648517256924,2.3464330611667843,0.7744209942832988
53,-158.70926070607533,1.6967038501829534,2.4454380842218395,0.7705488893118823
54,-156.60139625600422,1.677460576883008,2.449761432327331,0.7666961448653229
55,-153.563255922983,1.6644452261459644,2.5382151436353735,0.7628626641409962
56,-170.20444783718185,1.6510659977069548,2.2434822229174323,0.7590483508202912
57,-173.63383944200478,1.6410856279576993,2.0380334301062866,0.7552531090661897
58,-180.38728660773504,1.6381842270281528,1.950496797384478,0.7514768435208588
59,-181.78918342107917,1.6381342680844582,2.06100518979647,0.7477194593032545
60,-167.00490394244142,1.6147485564092485,2.2845807032842442,0.7439808620067382
61,-157.38352646400716,1.6137190825271972,2.423421604076176,0.7402609576967045
62,-156.68912241414407,1.5904262262296198,2.4516814963627427,0.736559652908221
63,-154.6506003609854,1.5916868996918352,2.497048165543304,0.7328768546436799
64,-146.71127074656337,1.5806651605359858,2.8020873554750074,0.7292124703704616
65,-145.14482379103052,1.5579486314718756,2.9041229681587786,0.7255664080186093
66,-146.29004967522616,1.557238588910637,2.926598213049889,0.7219385759785162
67,-142.16588744027055,1.5552835557202798,3.0843558041069645,0.7183288830986236
68,-133.43933268194496,1.5533833952969902,3.368296658617189,0.7147372386831305
69,-136.16358869364112,1.5531273706234088,3.3641605571186366,0.7111635524897149
70,-130.5009137376628,1.529170648460293,3.8651651338420687,0.7076077347272662
71,-129.26480930298308,1.5339096324675208,3.991507678777304,0.7040696960536299
72,-126.767370783636,1.5192425480242926,4.240432990395793,0.7005493475733617
73,-126.57638094333952,1.5124173523988305,4.221050134093804,0.697046600835495
74,-126.14413224280939,1.5262284404697015,4.176659701819216,0.6935613678313175
75,-125.03204064628224,1.540014411719849,4.293654996997843,0.6900935609921609
76,-106.98028833769267,1.5384126590139449,4.5387994190898695,0.6866430931872001
77,-107.04637212657326,1.5322552134460108,4.667806800522617,0.6832098777212641
78,-106.56456191392498,1.5305679809299688,4.646424437042629,0.6797938283326578
79,-105.63843432931553,1.5264971545226544,4.563465693544729,0.6763948591909945
80,-110.74029584444156,1.5370214030218168,4.466530888963112,0.6730128848950395
81,-110.3867446710971,1.526223375566206,4.646378713955969,0.6696478204705644
82,-114.39289657281154,1.537107181534599,4.53894986454955,0.6662995813682115
83,-112.47425189064342,1.5244012696987324,4.570874078494149,0.6629680834613705
84,-114.42406394045543,1.5311375522809263,4.348212832217481,0.6596532430440636
85,-119.6145878375633,1.5405034873307828,4.231700250169204,0.6563549768288433
86,-115.43429842526702,1.5315305531676544,4.435755614236032,0.653073201944699
87,-119.34781977435422,1.5228148863449733,4.2118372604838115,0.6498078359349755
88,-120.46237281973877,1.5257042782195573,4.0061923617732464,0.6465587967553006
89,-117.31193587943808,1.5185138507441516,4.19248415049505,0.6433260027715241
90,-122.0984408018715,1.5212392621081618,3.8225322378194653,0.6401093727576664
91,-134.14106613524345,1.5165450569814274,3.674757945279106,0.6369088258938781
92,-132.80911750553287,1.5141787871613366,3.535294123945554,0.6337242817644086
93,-133.17897154944208,1.5105688681764584,3.4586482400270744,0.6305556603555866
94,-135.3214121680802,1.5013193870598385,3.563801782977407,0.6274028820538087
95,-136.47331184711217,1.4768969861450747,3.496810741761836,0.6242658676435396
96,-140.6936381679975,1.4754653960376103,3.497130919187391,0.6211445383053219
97,-137.19056740464356,1.4745571677860305,3.4973580233992543,0.6180388156137953
98,-126.17003748830045,1.4714964991434445,3.6425708882703383,0.6149486215357263
99,-123.73040271718794,1.4733825082852092,3.7838150488371283,0.6118738784280476
100,-121.17480086821831,1.4640168627648926,3.8541579018568353,0.6088145090359074
101,-123.63305172625732,1.4632863165157093,3.7819885968284863,0.6057704364907278
102,-122.67001416388918,1.445716225123845,3.8295982851046,0.6027415843082742
103,-131.38007949088578,1.4552687444751577,3.382531298954807,0.5997278763867329
104,-139.1951957915982,1.441061360613822,3.293086805642275,0.5967292370047992
105,-133.89181765642374,1.431445130021203,3.338641324451755,0.5937455908197752
106,-133.25368831693237,1.4190109738884005,3.3339701402674806,0.5907768628656763
107,-129.39909569069277,1.4131312346542406,3.5714123707743126,0.5878229785513479
108,-125.9809340504112,1.4062535284400148,3.8059777948746936,0.5848838636585911
109,-128.09846446358566,1.3965601429737493,3.6918893746278876,0.5819594443402982
110,-122.64946820785528,1.4031786631414904,3.6918326297585513,0.5790496471185967
111,-109.9095364875246,1.3913460305438516,3.9956604361909838,0.5761543988830038
112,-107.33684320949627,1.3777120389622701,4.038043373106594,0.5732736268885887
113,-106.15813004181065,1.3707493018916226,4.263830625294852,0.5704072587541458
114,-101.4997920983105,1.3710003252386243,4.597973142279529,0.567555222460375
115,-97.31271040884303,1.3743656118347167,4.717054881392997,0.5647174463480732
116,-91.74797736798399,1.3778379228708397,5.036039056747353,0.5618938591163328
117,-93.1401507256663,1.3859701609958779,5.100774593391851,0.5590843898207511
118,-95.75294709068817,1.3867382578387697,5.274682084075538,0.5562889678716474
119,-93.90635258475253,1.3877735227623582,5.311635822274962,0.5535075230322891
120,-91.07213798492884,1.3907887981352751,5.330150328943737,0.5507399854171277
121,-81.82088588961547,1.3888665439079035,5.437163254441834,0.547986285490042
122,-69.40013792953648,1.3882383016923894,5.72398114286726,0.5452463540625918
123,-60.61264956194094,1.3918035479361521,6.401645306245796,0.5425201222922789
124,-45.243193847716135,1.4064214384647413,6.873386769352294,0.5398075216808175
125,-40.923599910102865,1.4114990634954265,7.007384217410557,0.5371084840724134
126,-36.4634844636764,1.4274834320552914,7.24759830984877,0.5344229416520513
127,-37.720656590573824,1.4332014158925999,7.146044416807865,0.531750826943791
128,-38.73516326266705,1.4365047056339622,7.055231289231286,0.5290920728090721
129,-43.19046400242481,1.4553591939685566,6.977674495046788,0.5264466124450268
130,-46.791535534252745,1.4603061151417012,7.10336019223154,0.5238143793828016
131,-52.42342882388427,1.48111034157664,7.116162038973652,0.5211953074858876
132,-49.95623538297072,1.4950361175014495,7.307308457638353,0.5185893309484582
133,-50.13951036905865,1.51425498003947,7.2964365379433405,0.5159963842937159
134,-55.155413988787664,1.5250997441282383,7.034416596682124,0.5134164023722473
135,-52.02773139348818,1.5287481719490033,7.018900579328228,0.510849320360386
136,-50.6436185592478,1.5405059371991743,6.9226966787905475,0.5082950737585841
137,-51.27614112117712,1.5450112294438962,6.927754706268947,0.5057535983897912
138,-52.80984536016362,1.5508589700041073,6.732139186305095,0.5032248303978422
139,-62.18239789932482,1.5529193398792254,6.4759858251174,0.500708706245853
140,-60.35928426472657,1.5508618140986727,6.712071198658699,0.4982051627146237
141,-63.36572699516748,1.5505170735843425,6.780813836022406,0.49571413690105054
142,-74.14682133133088,1.5569524914475559,6.499564007371443,0.4932355662165453
143,-69.01266676339472,1.5616490771951355,6.558386507914183,0.4907693883854626
144,-72.22699649279149,1.5658566836709356,6.378758431837674,0.4883155414435353
145,-74.1676042077604,1.5860632525924598,6.413004008240518,0.4858739637363176
146,-84.75984928852603,1.596125213950438,5.922287419768939,0.483444593917636
147,-79.93422386296393,1.6104775331137784,5.937905520608496,0.4810273709480478
148,-76.59586828882682,1.61468833208215,6.281954628512171,0.47862223409330756
149,-66.0464527480147,1.6224648993684256,6.77760077649867,0.47622912292284103
150,-63.073722934531155,1.626468552740544,6.893181466332342,0.4738479773082268
151,-57.72858717337166,1.625733599860136,6.8153151172805355,0.47147873742168567
152,-58.094395730635185,1.6339740615188254,6.7383367483184875,0.46912134373457726
153,-65.1376052352718,1.6328813600826793,6.705440647655586,0.46677573701590436
154,-61.838679593597774,1.6344173869261025,6.996940894078342,0.46444185833082485
155,-65.26751834189118,1.644409013322464,7.016848181608992,0.46211964903917074
156,-63.27752867283568,1.6385037410679866,7.014039890369239,0.4598090507939749
157,-56.400730404767025,1.644487519318742,7.294303978373139,0.457510005540005
158,-50.37186001862658,1.6469741745597597,7.686682574156905,0.45522245551230495
159,-35.21383453378433,1.6535395584090766,8.263237676404145,0.4529463432347434
160,-35.77065374982822,1.6675185652070121,8.388411433713696,0.4506816115185697
161,-28.856982485032603,1.6712773656978348,8.61747375402094,0.4484282034609769
162,-21.843646740771398,1.6807573921130274,8.875163484912699,0.446186062443672
163,-13.841238365839528,1.690193615342793,9.190367549892848,0.4439551321314536
164,-16.525275435572574,1.7056295347066919,9.30597092629003,0.4417353564707963
165,-16.23374416076988,1.7069100360067724,9.298365634187725,0.43952667968844233
166,-0.7845954439719645,1.7147451291982814,9.973833793289902,0.43732904629000013
167,-4.723956876024864,1.7261531370626084,9.968133267039038,0.4351424010585501
168,-12.515982274633252,1.7380593433576839,9.614911882915852,0.43296668905325736
169,-5.6828509826948235,1.7535211213069495,9.660526241360508,0.43080185560799106
170,-3.1294986452839413,1.7690645268129142,9.644419322409139,0.4286478463299511
171,1.5699984535513374,1.7895217097952325,10.006019817402054,0.42650460709830135
172,-3.239737159898905,1.8106443426358865,10.061483903715366,0.42437208406280985
173,5.3264493861851925,1.832115372764234,10.101698529157048,0.4222502236424958
174,-5.329565681429042,1.8553109324821275,9.751462721662111,0.42013897252428334
175,-2.4182583392215293,1.8771274101252695,10.013638574519188,0.4180382776616619
176,-2.359645260963287,1.9042480578578418,10.191116148516477,0.4159480862733536
177,-7.88500160679563,1.920545050583107,9.849999667349499,0.41386834584198684
178,-8.90690156262198,1.943981862205635,9.661371992672509,0.4117990041127769
179,-13.576725043003211,1.962192945128376,9.415667637281794,0.40974000909221303
180,-18.33843395872848,1.9803349593437904,9.144233220993346,0.40769130904675194
181,-25.48720996960199,1.9992811040260556,8.962801018837409,0.40565285250151817
182,-26.863317488503938,2.0111915730111596,9.055424204772132,0.4036245882390106
183,-42.582894448408965,2.0159076076231157,8.34908605075517,0.4016064652978155
184,-41.754884411874535,2.0141010374810793,8.172545496361396,0.3995984329713264
185,-37.288221204694814,2.0131262384886854,8.300977527371371,0.3976004408064698
186,-48.33911638965586,2.005606483719778,7.893274541613457,0.39561243860243744
187,-46.114195653422954,1.9979437282147314,8.182153500116025,0.3936343764094253
188,-46.2098222132178,1.9952025387140715,8.179444983745196,0.39166620452737816
189,-54.14657216441496,1.982216801452632,7.918327290220753,0.3897078735047413
190,-53.50250726122759,1.9676809082225701,8.257102733340975,0.3877593341372176
191,-49.86075642610921,1.9488001966119548,8.319992125050838,0.3858205374665315
192,-49.56272844238828,1.9242028605688335,8.157534669982562,0.38389143477919885
193,-49.35733838702959,1.905149210768456,8.079961883378036,0.3819719776053028
194,-46.8718089633302,1.882858245576575,8.19873600035578,0.3800621177172763
195,-51.12737683249039,1.8544832633720918,7.926436660689391,0.37816180712868996
196,-56.862645340067026,1.8290946748785,7.588012082693561,0.37627099809304654
197,-55.33883533495946,1.8032254170858821,7.74379595219541,0.3743896431025813
198,-64.3209775013652,1.7754691997275736,7.791037084096836,0.37251769488706843
199,-69.49580167032454,1.752588768446062,7.456641796912829,0.3706551064126331
200,-62.602278165003995,1.7274157100492569,7.782955073216561,0.36880183088056995
201,-54.72852937255022,1.692985863376447,8.005255886765621,0.3669578217261671
202,-48.5904857831836,1.6609837706353652,8.128484447905612,0.36512303261753626
203,-50.104801399209904,1.633773579378501,8.069851979384374,0.3632974174544486
204,-45.32237275782388,1.6079424763484578,8.277879016049233,0.3614809303671764
205,-49.43373407620479,1.5874692350996324,8.255057927293477,0.3596735257153405
206,-46.179329350106244,1.5649325896111916,8.257155473410808,0.3578751580867638
207,-40.60947919034055,1.5392756798442009,8.284831377071908,0.35608578229633
208,-34.57857997912324,1.5087860103728599,8.651546749063083,0.3543053533848483
209,-36.119701854196265,1.4865169271080025,8.61783311575999,0.35253382661792404
210,-37.23245065347712,1.4673234420204284,8.26712793487504,0.3507711574848344
211,-43.637752685807854,1.4448555682465012,7.990912896549673,0.34901730169741024
212,-36.483748458397265,1.4273038356756291,8.013598970268898,0.3472722151889232
213,-33.51495000683072,1.404852308355113,8.700939145223368,0.3455358541129786
214,-18.28352471119532,1.382079659528094,9.079642525229012,0.3438081748424137
215,-11.347132388784946,1.3629643959741367,9.33916048352858,0.3420891339682016
216,-3.771858041917417,1.3455340800197169,9.665325427963209,0.3403786882983606
217,-4.914452065961233,1.3331304620511684,9.474395405856706,0.3386767948568688
218,-5.622579993372293,1.3181640528483667,8.974318187965576,0.33698341088258443
219,-2.7033910131700933,1.3009050047020199,9.194849806643333,0.3352984938281715
220,-10.038862119176375,1.284209672623643,8.770881009238307,0.33362200135903064
221,-18.17459744386708,1.2646103286874975,8.4387492707924,0.33195389135223546
222,-8.377216420075236,1.2389698339736424,8.42567786455048,0.3302941218954743
223,-0.1402052287658042,1.2164112950372334,8.796915606923994,0.32864265128599696
224,-0.880263941911521,1.1913740471950511,8.652132670347267,0.326999438029567
225,5.105620755623011,1.164984349074198,8.779607415440436,0.3253644408394192
226,7.1717681007934235,1.1461508151084916,8.984703528934414,0.3237376186352221
227,-0.5845401928363612,1.1278071138144272,8.73699792004123,0.322118930542046
228,-1.0376284541495153,1.1090543925551095,8.516904553420284,0.32050833588933575
229,3.8647495083337278,1.0890658172555017,8.572554358567169,0.31890579420988907
230,8.220222939010132,1.0683134774077885,8.845732978293965,0.3173112652388396
231,1.4168386944869642,1.052631064364165,8.594562700201221,0.3157247089126454
232,-4.357203637200895,1.0353081901206076,8.595631060856975,0.3141460853680822
233,-3.772778376380683,1.021130573350692,8.120018369115112,0.3125753549412418
234,-2.716269302705258,1.0099592417356908,8.222622509316324,0.31101247816653554
235,-4.7665347103397515,1.0040118268423726,8.539159598002755,0.30945741577570285
236,-8.215309700668614,0.992798482403755,8.542843185341388,0.3079101286968243
237,-4.2511849452495305,0.9837357433404952,8.738703574422214,0.3063705780533402
238,-2.077531770010184,0.9757317980655162,9.03717742544395,0.30483872516307353
239,2.6622298259508095,0.9647439068261454,9.336290110869912,0.3033145315372582
240,4.917907245101978,0.9575596284013108,9.541591226864629,0.3017979588795719
241,7.9115420294277845,0.9603256649365174,9.824386799722555,0.30028896908517405
242,-11.864172415165037,0.9616018941920866,9.361179873692308,0.2987875242397482
243,-5.61312546578723,0.9644093779247869,9.721804136022243,0.29729358661854943
244,-3.3400098807587772,0.9710907702614237,9.903981762960615,0.29580711868545667
245,-5.16632024009791,0.9761119711373617,9.952517626988204,0.2943280830920294
246,-7.631353294375865,0.9752911480996475,9.73513069177431,0.29285644267656924
247,-5.6376869371938945,0.9764040170932349,10.06844693842138,0.2913921604631864
248,2.4179839708142543,0.9823161093237754,10.404816894649027,0.28993519966087045
249,2.0260383362616916,0.9854533828149493,10.457609436275122,0.2884855236625661
250,4.4673352688930485,0.9910393984409924,10.475668898978144,0.28704309604425327
251,18.785778417734363,1.001846192397451,11.034127555985062,0.285607880564032
252,29.813182222151866,1.0191231349888201,11.477378927154152,0.28417984116121187
253,24.33715939534092,1.035483647213146,11.240157429225608,0.2827589419554058
254,17.797672077473152,1.044883325345829,10.81509410701008,0.28134514724562876
255,15.05744527461484,1.0445958993267752,10.349201513346689,0.2799384215094006
256,13.24285638585905,1.0442251953282473,10.11379590689176,0.27853872940185365
257,12.617983363963642,1.0400681667284835,10.269118835983656,0.27714603575484437
258,16.904940084065743,1.0368311147338494,10.225798151989219,0.2757603055760701
259,17.90493320461955,1.0311581598367097,10.115874937403502,0.2743815040481898
260,23.025995027994778,1.0190113600642239,10.210413821338314,0.2730095965279488
261,22.81696171105593,0.9995951194166364,10.150393794107266,0.27164454854530906
262,26.25748227503776,0.9791690357438445,10.30014346405921,0.2702863258025825
263,26.90484142785984,0.9523970728865984,10.25376281000284,0.2689348941735696
264,16.91796550470702,0.9258281473695459,9.984590216281838,0.26759021970270175
265,10.983922588283514,0.8995061843826595,9.631909482943838,0.2662522686041882
266,9.96682457207283,0.8777617126650336,9.654098065955019,0.2649210072611673
267,8.82779849064808,0.8545492107757082,9.363470421803145,0.26359640222486147
268,-0.5653102731396062,0.827727092313086,8.956867298464624,0.26227842021373715
269,-6.330550806443131,0.8038424568400433,8.737357467069623,0.2609670281126685
270,-14.88085095868734,0.7778811112024535,8.81353940046072,0.25966219297210513
271,-26.818421240258694,0.7492975053594162,8.302097539082318,0.2583638820072446
272,-34.99634082237403,0.7153602502518047,8.05964932426825,0.2570720625972084
273,-27.73184995941417,0.6783937572926928,8.387211243058887,0.25578670228422234
274,-28.16220865807385,0.6430712335499389,8.671398922407239,0.25450776877280124
275,-22.23127408021667,0.613498540152089,8.78202333200535,0.2532352299289372
276,-19.329889014097667,0.5882499294760091,9.035377946902422,0.2519690537792925
277,-22.539707906837037,0.5669346194023007,8.767653060519905,0.2507092085103961
278,-22.43473226991832,0.5438289473348967,8.935491254490076,0.2494556624678441
279,-25.60803813115391,0.5245136408023464,8.976265852189629,0.24820838415550486
280,-28.482577447544287,0.5113202542342173,8.655540774137348,0.24696734223472733
281,-28.575949174572617,0.5024224698923455,8.590166780533464,0.2457325055235537
282,-29.28628624001835,0.4963131020642744,8.58377430951056,0.24450384299593592
283,-42.38163074810606,0.49324158037756327,8.28594969980143,0.24328132378095624
284,-38.73198835843866,0.48777449949909685,8.327437448023483,0.24206491716205145
285,-38.70920308455169,0.4828600030675972,8.276910622592496,0.2408545925762412
286,-33.72804631810181,0.474813167050525,8.404617769751177,0.23965031961336
287,-30.12944704810185,0.4662677229159022,8.46687850670241,0.2384520680152932
288,-32.37109026571043,0.459104929162606,8.28032799615361,0.23725980767521673
289,-30.93457519478515,0.4517494780891085,8.401229550754504,0.23607350863684065
290,-33.763816859633444,0.4424607183985853,7.889279620278851,0.23489314109365644
291,-25.080265554831772,0.43335817957673906,8.240764765595868,0.23371867538818816
292,-25.93899242270307,0.427449580217942,8.06279845155798,0.23255008201124722
293,-30.41011451508311,0.42420999383707286,7.840205418975875,0.231387331601191
294,-31.685411206488123,0.42212849559846827,7.620463243803398,0.23023039494318503
295,-36.41163332426611,0.41907790867078615,7.444032851153628,0.2290792429684691
296,-37.19696433550432,0.41605976582604964,7.327418457985685,0.22793384675362674
297,-37.89474624084746,0.4131134203604193,7.278112406621143,0.22679417751985861
298,-34.74964584558226,0.4097868930368455,7.461668375445171,0.22566020663225933
299,-32.33710768951023,0.4082071184486665,7.555078413776711,0.22453190559909803
300,-29.5701754986905,0.40709104961609016,8.000995406266705,0.22340924607110255
301,-26.875567340149132,0.4071815345392145,8.220757675548303,0.22229219984074702
302,-24.121953509387083,0.4101304290622987,8.383650111033427,0.2211807388415433
303,-18.0446564230378,0.41421375145688655,8.284544817125054,0.22007483514733558
304,-17.614312776568624,0.4186804119765758,8.32948047305569,0.2189744609715989
305,-14.80572903376516,0.42252588656619183,8.585650528772922,0.2178795886667409
306,-15.271850740301002,0.4286374924883246,8.617491327453404,0.2167901907234072
307,-17.355266473431712,0.43433848198354247,8.61143114856258,0.21570623976979014
308,-11.130157536458029,0.44027500974908473,8.898316594408454,0.21462770857094118
309,-9.14811859331064,0.4471976164408028,9.036547575698792,0.21355457002808648
310,-10.000693791141487,0.452978994576633,8.98094545109123,0.21248679717794605
311,-18.793899717422516,0.4533323783025146,8.568307362986356,0.21142436319205632
312,-17.874578467158496,0.44786698556244375,8.704398344287277,0.21036724137609603
313,-19.93013857964543,0.4426659794211388,8.587268722670526,0.20931540516921554
314,-21.725531009548558,0.43820020432621243,8.599888570473343,0.20826882814336947
315,-20.89777482914297,0.43459984899386767,8.705750352758914,0.20722748400265262
316,-28.273955270920418,0.4303246023149201,8.825433481437871,0.20619134658263935
317,-26.835695671706667,0.42667296219477147,9.123306258712123,0.20516038984972615
318,-29.695474426402065,0.4228036938422331,8.848557834081511,0.2041345879004775
319,-33.844799565569275,0.41847722907894946,9.054528411472003,0.2031139149609751
320,-44.43882827607824,0.414395906990986,8.811254266359082,0.20209834538617025
321,-44.27149027970443,0.41280008470959556,8.981507406703551,0.2010878536592394
322,-43.39125264438508,0.414509357901137,9.00990720018538,0.2000824143909432
323,-33.202055027598945,0.41640287670327636,9.389450879155968,0.19908200231898848
324,-30.94524760122074,0.4194682577012322,9.548440002667283,0.19808659230739353
325,-28.697447996789904,0.42361255830062844,9.459019170739627,0.19709615934585656
326,-32.195188346202016,0.4348299652161397,9.47962587611076,0.19611067854912728
327,-33.756958940985875,0.44368058459403675,9.622920340788333,0.19513012515638165
328,-39.52631123030603,0.4527275116966919,9.410733891935616,0.19415447453059972
329,-43.13916177561439,0.4645648552821831,9.378903834746747,0.19318370215794672
330,-42.610025989086175,0.4764971950890378,9.588562024332552,0.192217783647157
331,-42.38861494361088,0.49135315972082827,9.923037291365333,0.1912566947289212
332,-42.543360153192545,0.5096077686329876,9.721050420102106,0.1903004112552766
333,-40.93705458362237,0.5255908763980065,10.011530530989543,0.18934890919900021
334,-48.41693732657234,0.5408715540693971,10.131812917121422,0.18840216465300522
335,-43.91495358020672,0.5529945001201602,10.32498532709397,0.18746015382974018
336,-36.6546772291902,0.5637705962241554,10.382266007457439,0.1865228530605915
337,-37.89997012982656,0.5775585026248116,10.266180708626829,0.18559023879528855
338,-40.27291531503782,0.590677375326707,10.074475033659494,0.1846622876013121
339,-38.70184708609424,0.6008447924480697,9.666343464773183,0.18373897616330553
340,-29.440871405675807,0.6091548925265233,9.83711835775154,0.182820281282489
341,-37.190330224711566,0.6149017886838094,9.513666818004385,0.18190617987607657
342,-33.89249360212827,0.6185866695351919,9.566464984978865,0.18099664897669618
343,-35.622351959810004,0.6217574851549541,9.624695141784033,0.1800916657318127
344,-35.1330117679403,0.6222157876639938,9.634509652901372,0.17919120740315364
345,-38.7175282599221,0.6226979888900495,9.618023226832529,0.17829525136613786
346,-30.645116477736345,0.6192602665706582,9.813854168781951,0.17740377510930716
347,-30.980301796965033,0.6175540328133222,9.62359664792547,0.17651675623376062
348,-29.03192860582344,0.6172764604556675,9.844495608532224,0.1756341724525918
349,-19.43715442833249,0.6114351323544043,9.972879819608591,0.17475600159032884
350,-13.319416573367853,0.6081932173839765,9.98918256935861,0.17388222158237718
351,-15.374906149755596,0.6052812180903565,9.99591537433253,0.1730128104744653
352,-11.042533714569338,0.6023121268372356,10.104722845744792,0.17214774642209296
353,-11.7142630551667,0.6037941145226084,10.223555552906506,0.1712870076899825
354,-2.5476756085495715,0.6049700572061683,10.223622082758364,0.17043057265153258
355,-7.451053490298355,0.6108518822157467,10.316639451793769,0.16957841978827493
356,-11.937680225148018,0.6144829492997052,10.143755710003347,0.16873052768933355
357,-9.798441812498107,0.6150171543432243,10.186677095476698,0.1678868750508869
358,-9.364156509941376,0.6169068701201161,10.571129214355732,0.16704744067563246
359,-10.80988872618113,0.6175162278195535,10.593813187776401,0.1662122034722543
360,-2.234570148497756,0.6223775378889314,10.504438919798147,0.16538114245489302
361,2.3482190016796407,0.6280685843795791,10.709587660061167,0.16455423674261854
362,5.7052355730193085,0.6357615381179741,10.501705540042455,0.16373146555890544
363,5.7317773370280705,0.649691621820182,10.518676373939547,0.16291280823111093
364,12.18393700786314,0.6671680509614679,10.57792912815901,0.16209824418995536
365,11.09497112559129,0.6889287078109957,10.976726518311523,0.16128775296900558
366,7.523609230244367,0.7024352057622363,10.81435946558783,0.16048131420416054
367,6.399251038943197,0.7135500919921122,11.060240441474038,0.15967890763313974
368,2.4330185140913825,0.7209078982178326,11.119490748968346,0.15888051309497406
369,-21.86736782974854,0.7310015726495042,12.493575961601032,0.1580861105294992
370,-14.32282101167101,0.7426218822580474,12.447133237597072,0.1572956799768517
371,-12.81584407659496,0.7537991490792761,12.4395517027415,0.15650920157696743
372,-6.524274420012137,0.7656345920695855,12.651597109174272,0.1557266555690826
373,-10.071891834638752,0.7740012978772872,12.408146806236537,0.1549480222912372
374,-14.725290424987886,0.7856516792628755,12.447996371421505,0.15417328217978102
375,-7.412144556063414,0.7957942213793544,12.273024219622494,0.1534024157688821
376,-6.424793277582436,0.8077806835250286,12.078725738200678,0.1526354036900377
377,0.40360232511409855,0.8145917454140991,12.287813845592229,0.1518722266715875
378,-0.13529344497174733,0.8187579081230805,12.423608646411797,0.15111286553822956
379,8.221345702021775,0.8283633372072035,12.663399582302006,0.15035730121053842
380,-2.894123116028357,0.8334432175713189,12.679479335946345,0.14960551470448571
381,3.712682594668202,0.8339613315784403,12.404790438788169,0.14885748713096328
382,-2.4971140687196183,0.829722464261302,12.643538010477478,0.14811319969530845
383,-14.87335524545065,0.8173225319678844,12.465266617020347,0.1473726336968319
384,-27.78943233425892,0.803995595718212,12.648791417442695,0.14663577052834775
385,-24.805781203010213,0.7882286095512934,12.348122088975146,0.14590259167570602
386,-20.92326673055029,0.7804582617474141,12.398998017030003,0.1451730787173275
387,-10.683308933023163,0.7764673781638792,12.339773397475067,0.14444721332374086
388,2.5392607368730316,0.7738594124984098,12.643746789937211,0.14372497725712216
389,27.078968394121645,0.7736159870043048,11.224268475950687,0.14300635237083656
390,18.62874650707976,0.7685820454759901,11.231862774730223,0.14229132060898236
391,27.945537820459045,0.7635331403493948,11.207424547927234,0.14157986400593744
392,15.132369784536358,0.7565071528986761,11.10941509805605,0.14087196468590776
393,16.82880096596668,0.74952204482424,11.016159889026001,0.14016760486247823
394,17.357543089921688,0.7423273768095306,11.105997521940015,0.13946676683816583
395,6.952598174895706,0.7340052200681263,11.193404778800092,0.138769433003975
396,12.379393903512037,0.7280172035206782,11.685573919014828,0.13807558583895513
397,13.542485432826245,0.7275471934779085,11.980707510387647,0.13738520790976036
398,28.756319701534398,0.7323589710755514,12.039925630505781,0.13669828187021155
399,18.927023850327984,0.7354024810323622,11.654052215826043,0.13601479046086049
400,12.154778426708233,0.7379875918688502,11.417711592648066,0.1353347165085562
401,12.551370532310923,0.7408200575738549,11.478744030760378,0.1346580429260134
402,19.860336775260656,0.7469474567307071,11.610328758290256,0.13398475271138335
403,20.846667808702172,0.7508730445855619,11.501253591248707,0.13331482894782642
404,29.80000979055966,0.7531433891957533,11.060936041745355,0.13264825480308728
405,25.160071394979788,0.7553385803779935,10.890963054812365,0.13198501352907185
406,26.796591081103077,0.7548873274994884,10.928821152564613,0.1313250884614265
407,16.839054681528406,0.7534723430988772,10.845891462438436,0.13066846301911936
408,1.8243661588120812,0.753265096216419,10.559759498145848,0.13001512070402377
409,-8.939990142538448,0.7550342491649531,10.712238385886401,0.12936504510050365
410,-17.460716964994923,0.7546467152207079,11.439508501112828,0.12871821987500112
411,-26.797512970316117,0.7577272195019712,11.659138571050224,0.12807462877562611
412,-16.387553768517765,0.7579420507976514,11.71305348660352,0.12743425563174798
413,-14.724575053382628,0.7559254958508577,11.907155599649359,0.12679708435358925
414,-13.928914305627458,0.7539650522712167,11.95927837609011,0.1261630989318213
415,-2.428295052936246,0.7537346678493981,12.304390159066793,0.1255322834371622
416,-7.254448883145054,0.7511546742588056,12.416109052691585,0.12490462201997637
417,-10.227117203785292,0.745804015458126,11.879775208676243,0.1242800989098765
418,-23.60893610296646,0.7373978888935314,12.09668890695503,0.12365869841532712
419,-9.825520692430926,0.7308103502875384,12.46542670554308,0.12304040492325048
420,9.355855467543492,0.7249668646789322,12.75554136639699,0.12242520289863423
421,-3.4246958363695246,0.7229641539810705,13.100120490329695,0.12181307688414106
422,-6.098195143142154,0.7212737303786889,13.002231409559258,0.12120401149972035
423,6.736943695228693,0.7261818216614,13.347041940415014,0.12059799144222175
424,9.325472217019856,0.7287291268151898,13.799586259121652,0.11999500148501063
425,12.537123758266665,0.7303928945075925,14.267712166858066,0.11939502647758558
426,3.5503041118035656,0.7352093511797932,14.190443176007804,0.11879805134519765
427,4.253062483798811,0.746338266509257,14.21654755192402,0.11820406108847166
428,9.145324612262776,0.7567993811598449,14.075775309382912,0.1176130407830293
429,9.382141106377016,0.7578191226371326,13.7663783222381,0.11702497557911415
430,24.79399339919597,0.7641741490245412,13.317621684378839,0.11643985070121858
431,36.435672713212305,0.7665842299100046,13.343966680689867,0.11585765144771248
432,34.729722092218935,0.7726824396715027,13.612925578372788,0.11527836319047392
433,32.07601140707361,0.7805535355114113,14.074509211933005,0.11470197137452155
434,32.29729040452712,0.7886512712953908,14.168970177954932,0.11412846151764894
435,34.51080028571518,0.793749955610245,13.787930472521591,0.1135578192100607
436,40.542054044641276,0.7974815219885992,13.587658704181173,0.11299003011401039
437,43.36494510220299,0.8019535062373265,13.79826182981865,0.11242507996344034
438,32.64210405478266,0.8044948415442635,13.399237660193242,0.11186295456362313
439,20.51301632690504,0.8087938768192373,13.635726145826235,0.11130363979080501
440,8.459383990911578,0.8094904335708326,13.551345634513675,0.11074712159185099
441,10.580865257741966,0.8128898431787063,13.141760560472603,0.11019338598389174
442,-0.19200464167272546,0.8194636454474148,13.203992079283534,0.10964241905397228
443,-7.500644140514323,0.8204822580747367,13.045720945622373,0.10909420695870241
444,-18.656646651392787,0.8200508395087764,12.718570795200558,0.1085487359239089
445,-21.259704144835503,0.8232665653464243,12.384484299275073,0.10800599224428936
446,-24.586265525368216,0.8254674173389716,12.602658395700285,0.10746596228306791
447,-25.743058362183973,0.823756633362827,12.619749498552594,0.10692863247165257
448,-28.090469427074616,0.8184298293877379,13.02951627525728,0.1063939893092943
449,-27.051387883181004,0.8204887660366466,13.07185078384259,0.10586201936274783
450,-40.38349318482235,0.8240443111754617,13.598447044582185,0.10533270926593409
451,-52.47975137303504,0.8293221324018091,13.599942661647026,0.10480604571960442
452,-61.37636633645683,0.8288865771357506,13.469498362744506,0.1042820154910064
453,-60.40307035865126,0.8265147509681985,12.985073052222093,0.10376060541355137
454,-52.56751785717971,0.8221184864911464,12.924517017009599,0.1032418023864836
455,-67.37167961283097,0.8178066659136652,12.762341741865667,0.10272559337455119
456,-62.32451974735321,0.8182586214474922,12.96993380635684,0.10221196540767843
457,-60.63740262597347,0.817261693581491,13.05237276026912,0.10170090558064004
458,-36.552519103371836,0.8171222566952809,13.207008045743043,0.10119240105273684
459,-84.45377879707826,0.8136471412164678,16.87256324463194,0.10068643904747315
460,-85.94754660356577,0.8158874079144007,17.150517441766215,0.10018300685223579
461,-81.34877669163478,0.8159886370892357,17.241987351862498,0.0996820918179746
462,-68.59791526420415,0.8134235397700929,17.08900399274896,0.09918368135888474
463,-64.31799655890356,0.8132758930647445,16.77013697678662,0.09868776295209031
464,-63.90723182350073,0.8154213994051152,16.699505619306404,0.09819432413732986
465,-54.18832854081071,0.8109974275412142,16.712946017316305,0.09770335251664321
466,-54.70022078182375,0.8028774289807413,16.725161869879738,0.09721483575406
467,-54.999582019256835,0.7975945401093195,16.66737727899632,0.09672876157528969
468,-54.32644220981379,0.7908791176734695,16.290241413899455,0.09624511776741324
469,-40.2875266358455,0.7829686898994771,16.523295314282596,0.09576389217857617
470,-25.34701197305602,0.771740528476365,16.06793717033279,0.09528507271768329
471,-24.32502200592625,0.7584947349104564,15.774553777027906,0.09480864735409487
472,-9.511083167064916,0.7497850609794435,15.830779212584298,0.0943346041173244
473,4.30549652323359,0.7503797886000341,16.243724608705097,0.09386293109673778
474,-0.9499705973340222,0.7487789904401003,16.628871951110227,0.09339361644125409
475,-0.4984309549638475,0.7513191586775532,16.907953032373,0.09292664835904782
476,-11.866497269524546,0.7492911168528416,16.579141077738576,0.09246201511725258
477,-13.530712387183709,0.7511476337360885,16.79699816906053,0.09199970504166631
478,-28.918167620889566,0.7549837966577186,16.2278549789374,0.09153970651645797
479,16.070271929654353,0.75475014097338,11.953493998546733,0.09108200798387568
480,24.70824151040136,0.752650295980881,11.9086307004639,0.0906265979439563
481,28.735244372987406,0.7479281751467389,12.49886696980531,0.09017346495423652
482,17.069571574442676,0.7427657882614043,12.745757199169592,0.08972259762946533
483,7.132123095913152,0.7366220147671805,12.734946152932702,0.089273984641318
484,6.773375479581361,0.7352314574252992,13.111192597421134,0.0888276147181114
485,11.381470926135027,0.7354061375094257,13.202427207279037,0.08838347664452084
486,25.170678792456922,0.7387291654072952,13.07273398657942,0.08794155926129824
487,39.31599186091017,0.737664514375979,13.338136861161171,0.08750185146499175
488,40.834541236398294,0.7411271502236609,13.878803529781315,0.08706434220766679
489,40.86272058912978,0.7449006448775365,14.315574797827525,0.08662902049662846
490,22.28076679643261,0.7468573030981394,13.721948964109263,0.08619587539414532
491,21.699265225779243,0.7467387147266565,13.691611344204983,0.08576489601717459
492,6.105908599125982,0.748255898668489,13.455288968818486,0.08533607153708872
493,4.964552983968467,0.7439149155579758,13.468032458682885,0.08490939117940327
494,3.0864624663921667,0.7411964958055477,13.048926659005486,0.08448484422350626
495,2.1958559391603014,0.7336397038649815,13.021802009756376,0.08406242000238873
496,1.3662036302001237,0.728475490418097,12.908350290736804,0.08364210790237678
497,-10.012262835082606,0.7204953916939247,12.694055814514954,0.0832238973628649
498,-8.647615737272957,0.7166849857772042,12.800765263676546,0.08280777787605056
499,3.559152406724621,0.7134016677203014,13.34278103483634,0.08239373898667031
500,-4.205892708498226,0.7070453428114192,13.601433737455244,0.08198177029173696
501,-12.424378022422703,0.7056630896794036,12.816672289399738,0.08157186144027828
502,-14.88202023786303,0.7035967099025222,12.267403579366427,0.0811640021330769
503,-17.291664958883477,0.7030578060205738,12.925148386530578,0.08075818212241151
504,-17.4718269318225,0.7006974058377659,12.550195274702295,0.08035439121179945
505,-20.30231545054915,0.696148545577908,12.844468014970056,0.07995261925574046
506,-19.529061463728993,0.6899684351901396,12.942283888945095,0.07955285615946175
507,-18.786460695094327,0.6854521627660003,13.516177195250613,0.07915509187866444
508,-6.097089830735861,0.6836128804328591,13.253348882524415,0.07875931641927113
509,-21.775520529597927,0.678448258340187,12.56771095786092,0.07836551983717477
510,-16.56239202776726,0.6716334015184509,12.838443690396641,0.07797369223798889
511,0.10510541112231842,0.6685863946689709,13.241870896550088,0.07758382377679894
512,11.792722936326415,0.6632722301214792,13.465667496659634,0.07719590465791494
513,-0.40143748034981375,0.6609335053072923,13.296927642768647,0.07680992513462537
514,13.595185930698978,0.6588631159008137,13.28809097952169,0.07642587550895225
515,31.09903985157785,0.6561309611843172,13.397320671953189,0.07604374613140748
516,29.08882244927765,0.6543029610018445,13.673045383784487,0.07566352740075044
517,30.02980382241477,0.6501927674768141,13.493135741650542,0.07528520976374668
518,42.407529158249204,0.6457780872553226,14.190658915828518,0.07490878371492794
519,37.33892948596845,0.6464389750170998,14.144202633919912,0.0745342397963533
520,31.781970575507025,0.6469076415535071,13.880441112455275,0.07416156859737154
521,32.097235726743186,0.6448800340253867,13.657943834459331,0.07379076075438468
522,35.67303386459227,0.6404794496769315,13.695417498314274,0.07342180695061275
523,46.93701671312544,0.6374111352604267,13.409088373962241,0.07305469791585968
524,47.65843225811764,0.6299000308877507,13.685103984841653,0.07268942442628039
525,43.906262612065944,0.6238354632131993,12.910954424457094,0.07232597730414898
526,41.95514281834119,0.6160980066734397,12.44925335249282,0.07196434741762824
527,39.69146761554056,0.6059026624052131,12.2670592330545,0.0716045256805401
528,28.13171426777812,0.5976503083199358,12.15889709684159,0.0712465030521374
529,41.21163110461389,0.5900722874035121,12.585408284417355,0.0708902705368767
530,40.051216670822235,0.586667945915131,12.689183669043487,0.07053581918419231
531,18.62195455728194,0.5843091875773262,12.824195586646068,0.07018314008827135
532,9.27590979922218,0.5844825459083195,12.275256620378553,0.06983222438783
533,20.33464346651142,0.5803315736464438,12.024551740810775,0.06948306326589085
534,7.386820811535616,0.5757176159751574,11.779207575745623,0.0691356479495614
535,3.8055121251084656,0.5746737953998058,11.641215544630121,0.06878996970981359
536,16.531749354670822,0.5745093737928954,11.730070177589592,0.06844601986126451
537,30.8574527649519,0.5750672388842836,12.058501871331462,0.06810378976195819
538,19.663407945285833,0.5697877948973088,12.02228002594608,0.0677632708131484
539,28.42875286125211,0.5655099814161486,12.031880113516632,0.06742445445908266
540,39.858382542672445,0.5668086185573895,12.599379695616824,0.06708733218678724
541,39.287468437777065,0.5684044647328805,13.121359509474058,0.0667518955258533
542,47.454818697151936,0.5735708837806061,13.143613118521941,0.06641813604822402
543,39.97261171272094,0.5768497656116249,13.461010670748841,0.0660860453679829
544,54.19144017002716,0.5857887008331437,13.62607024562526,0.06575561514114299
545,57.52026613196719,0.5988839541875701,14.659446387745293,0.06542683706543727
546,55.76068685478605,0.6134269204282012,15.104268816390674,0.06509970288011008
547,44.98479803151043,0.627181370241149,14.934259107019315,0.06477420436570952
548,53.751183223740156,0.6376642505133308,14.85551136161304,0.06445033334388098
549,40.624127400980086,0.6471041609989813,14.11770735741479,0.06412808167716157
550,53.42113042636077,0.6561386016896081,14.505129850371308,0.06380744126877576
551,60.1351111454214,0.6679751551787183,14.07000998107469,0.06348840406243188
552,59.87804478988376,0.6741740739508036,14.473466958944012,0.06317096204211972
553,63.034131009036926,0.6825741497335388,14.846472991068966,0.06285510723190912
554,67.06618991284982,0.6924939690026837,14.868203869711005,0.06254083169574957
555,68.49552823751327,0.707664643173831,15.190769387994578,0.062228127537270826
556,60.48710429269341,0.7181226583309944,15.271728486497066,0.06191698689958447
557,60.295688955155384,0.7312878064616797,15.237103443960994,0.061607401965086545
558,60.529287274814116,0.7429330558750347,15.009672415435274,0.06129936495526111
559,44.67757014889872,0.7525998843539572,14.445708897547481,0.0609928681304848
560,52.484260037547934,0.7615304932289323,14.41969090668561,0.060687903789832374
561,63.23790695248895,0.7669341470848332,14.407654715993836,0.06038446427088321
562,55.559673067661656,0.7742237147184354,15.13033022666586,0.06008254194952879
563,67.4795567979212,0.7805313588030588,15.031097720779421,0.05978212923978115
564,49.33630129460944,0.7850433301961083,14.907031548041088,0.05948321859358224
565,49.690737262221525,0.7911285897053265,14.604166079573824,0.05918580250061433
566,52.6872021124924,0.794853554771469,14.729750171874187,0.058889873488111255
567,51.840899922338565,0.7983461867419932,14.268444660824395,0.058595424120670696
568,51.009290524595784,0.802150013939875,14.656562499989374,0.05830244700006734
569,52.75631257360557,0.81070898089415,15.32026538921389,0.058010934765067
570,54.71623780339691,0.8196415909633085,15.213670597918053,0.05772088009124167
571,59.04094414102589,0.8228721414084174,14.798100647045725,0.05743227569078546
572,72.74735278298022,0.8280265267489801,15.101346303817403,0.05714511431233153
573,69.689671897792,0.8328902270110488,14.817693502602404,0.05685938874076987
574,74.92946280366304,0.8385736901587573,14.711442283873588,0.056575091797066025
575,75.42471754832195,0.8342937942095815,14.735778588953593,0.056292216338080694
576,87.72565561668837,0.82903029347297,14.85129575337681,0.05601075525639029
577,82.06980115176017,0.8241530479240403,14.409599277452934,0.05573070148010834
578,92.16263534198802,0.8224937233756078,14.86110062551218,0.0554520479727078
579,107.08777734525178,0.8185982315914367,15.227384099160773,0.05517478773284426
580,95.30858001115767,0.8151430650060343,14.900753594961248,0.05489891379418004
581,99.61335530706283,0.8132959412756006,15.276248486430756,0.05462441922520914
582,98.836684716429,0.8098263854121007,14.74891773639072,0.0543512971290831
583,85.59777214753389,0.8098783230953366,14.322622627767577,0.05407954064343768
584,103.56295054580568,0.8022539696491057,14.473171438719179,0.05380914294022049
585,101.07916158307576,0.7922981083667974,14.473627968253922,0.05354009722551939
586,102.49683591633908,0.7875450163513061,14.777623278528939,0.05327239673939179
587,115.9497472711584,0.7821076896429526,15.179673312773847,0.053006034755694834
588,119.16813616855876,0.7759939372441765,15.37331287467786,0.052741004581916356
589,134.2571575181972,0.7663076893764047,15.614489239742655,0.052477299559006776
590,133.52555809234536,0.7567263807234856,15.671936112295807,0.052214913061211746
591,129.7651040956129,0.7462678293507793,16.165895553589216,0.05195383849590569
592,114.7621932953945,0.7365653655645727,15.744304868739569,0.05169406930342616
593,92.54712972996056,0.7263690765419195,15.558929471058331,0.05143559895690903
594,81.46084994766142,0.713563720359794,15.529178406868064,0.051178420962124486
595,69.52157575317563,0.704614132751522,15.63982564282426,0.05092252885731386
596,50.62838866835645,0.7015356076089269,15.47724680459919,0.05066791621302729
597,44.26820391790766,0.6989765955404209,15.76373091357936,0.05041457663196215
598,47.67507583849812,0.6934964652246651,15.672409272570563,0.050162503748802344
599,48.448389584981115,0.6921437041852885,16.059596018947182,0.049911691230058335
600,60.536947092125054,0.6867487702438396,16.053096292105685,0.04966213277390804
